{
  "accuracy": 0.28488032691185056,
  "macro_f1": 0.1913815990474804,
  "confusion_matrix": [
    [
      39,
      5,
      0,
      1,
      0,
      2,
      74,
      0
    ],
    [
      2,
      274,
      1,
      54,
      83,
      25,
      2,
      168
    ],
    [
      97,
      0,
      0,
      1,
      0,
      3,
      129,
      17
    ],
    [
      10,
      4,
      0,
      0,
      60,
      29,
      0,
      0
    ],
    [
      98,
      21,
      0,
      85,
      2,
      49,
      2,
      11
    ],
    [
      0,
      3,
      0,
      1,
      0,
      8,
      0,
      53
    ],
    [
      2,
      16,
      0,
      30,
      0,
      61,
      122,
      4
    ],
    [
      8,
      0,
      0,
      0,
      0,
      0,
      14,
      43
    ]
  ],
  "report": "                     precision    recall  f1-score   support\n\n           adenosis     0.1523    0.3223    0.2069       121\n   ductal_carcinoma     0.8483    0.4499    0.5880       609\n       fibroadenoma     0.0000    0.0000    0.0000       247\n  lobular_carcinoma     0.0000    0.0000    0.0000       103\n mucinous_carcinoma     0.0138    0.0075    0.0097       268\npapillary_carcinoma     0.0452    0.1231    0.0661        65\n    phyllodes_tumor     0.3557    0.5191    0.4221       235\n    tubular_adenoma     0.1453    0.6615    0.2382        65\n\n           accuracy                         0.2849      1713\n          macro avg     0.1951    0.2604    0.1914      1713\n       weighted avg     0.3705    0.2849    0.2946      1713\n"
}