{
  "accuracy": 0.425569176882662,
  "macro_f1": 0.29285694816240027,
  "confusion_matrix": [
    [
      106,
      0,
      1,
      3,
      0,
      1,
      7,
      3
    ],
    [
      0,
      463,
      27,
      57,
      46,
      5,
      0,
      11
    ],
    [
      13,
      1,
      79,
      1,
      12,
      59,
      31,
      51
    ],
    [
      0,
      62,
      0,
      1,
      25,
      14,
      0,
      1
    ],
    [
      76,
      30,
      10,
      117,
      13,
      6,
      0,
      16
    ],
    [
      0,
      2,
      16,
      1,
      2,
      2,
      0,
      42
    ],
    [
      9,
      17,
      83,
      7,
      14,
      58,
      21,
      26
    ],
    [
      1,
      0,
      5,
      0,
      10,
      0,
      5,
      44
    ]
  ],
  "report": "                     precision    recall  f1-score   support\n\n           adenosis     0.5171    0.8760    0.6503       121\n   ductal_carcinoma     0.8052    0.7603    0.7821       609\n       fibroadenoma     0.3575    0.3198    0.3376       247\n  lobular_carcinoma     0.0053    0.0097    0.0069       103\n mucinous_carcinoma     0.1066    0.0485    0.0667       268\npapillary_carcinoma     0.0138    0.0308    0.0190        65\n    phyllodes_tumor     0.3281    0.0894    0.1405       235\n    tubular_adenoma     0.2268    0.6769    0.3398        65\n\n           accuracy                         0.4256      1713\n          macro avg     0.2950    0.3514    0.2929      1713\n       weighted avg     0.4455    0.4256    0.4164      1713\n"
}