{
  "accuracy": 0.3619381202568593,
  "macro_f1": 0.2754839931973164,
  "confusion_matrix": [
    [
      83,
      1,
      2,
      5,
      2,
      12,
      12,
      4
    ],
    [
      3,
      395,
      7,
      64,
      95,
      24,
      1,
      20
    ],
    [
      12,
      6,
      48,
      4,
      29,
      59,
      76,
      13
    ],
    [
      0,
      61,
      3,
      0,
      26,
      8,
      3,
      2
    ],
    [
      74,
      42,
      2,
      102,
      16,
      21,
      3,
      8
    ],
    [
      0,
      11,
      10,
      2,
      9,
      11,
      1,
      21
    ],
    [
      5,
      25,
      29,
      7,
      27,
      94,
      31,
      17
    ],
    [
      2,
      0,
      10,
      1,
      5,
      1,
      10,
      36
    ]
  ],
  "report": "                     precision    recall  f1-score   support\n\n           adenosis     0.4637    0.6860    0.5533       121\n   ductal_carcinoma     0.7301    0.6486    0.6870       609\n       fibroadenoma     0.4324    0.1943    0.2682       247\n  lobular_carcinoma     0.0000    0.0000    0.0000       103\n mucinous_carcinoma     0.0766    0.0597    0.0671       268\npapillary_carcinoma     0.0478    0.1692    0.0746        65\n    phyllodes_tumor     0.2263    0.1319    0.1667       235\n    tubular_adenoma     0.2975    0.5538    0.3871        65\n\n           accuracy                         0.3619      1713\n          macro avg     0.2843    0.3054    0.2755      1713\n       weighted avg     0.4108    0.3619    0.3729      1713\n"
}